IMG_7188.JPG, 2
IMG_7718.JPG,10
IMG_8229.JPG,0
IMG_3361.JPG,6
IMG_8441.JPG,0
IMG_6304.JPG,7
IMG_3171.JPG,3
IMG_8512.JPG,2
IMG_6280.JPG,7
IMG_3877.JPG,5
IMG_5382.JPG,10
IMG_7977.JPG,5
IMG_5488.JPG,7
IMG_6319.JPG,7
IMG_8292.JPG,3
IMG_3318.JPG,6
IMG_6914.JPG,8
IMG_3884.JPG,5
PXL_20220310_223341798.jpg,10
IMG_7993.JPG,5
IMG_6942.JPG,5
PXL_20220309_222932609.jpg,2
IMG_8329.JPG,0
IMG_7867.JPG,0
PXL_20220310_223416641.MP.jpg,10
IMG_5085.JPG,6
IMG_4677.JPG,7
IMG_6007.JPG,1
IMG_8276.JPG,3
IMG_7203.JPG,2
IMG_3041.JPG,8
IMG_7157.JPG,10
IMG_5151.JPG,10
IMG_5803.JPG,7
IMG_6849.JPG,9
IMG_6963.JPG,5
PXL_20220309_222017641.jpg,0
IMG_5374.JPG,6
IMG_8277.JPG,3
IMG_6846.JPG,9
IMG_3037.JPG,8
PXL_20220309_221058493.jpg,5
IMG_6739.JPG,4
IMG_3544.JPG,4
IMG_5371.JPG,6
